Date,Price,Open,High,Low,Vol.,Change %
07-09-2024,3048.76,3019.64,3108.63,3004.62,291.40K,0.96%
07-08-2024,3019.64,2930.48,3084.2,2826.32,517.87K,3.04%
07-07-2024,2930.48,3068.79,3072.32,2923.63,194.87K,-4.51%
07-06-2024,3068.79,2981.4,3080.16,2955.65,225.18K,2.93%
07-05-2024,2981.4,3057.85,3108.66,2822.44,940.65K,-2.50%
07-04-2024,3057.81,3295.13,3313.23,3052.15,510.41K,-7.20%
07-03-2024,3295.13,3421.71,3432.12,3256.31,356.89K,-3.70%
07-02-2024,3421.71,3442.66,3463.9,3402.98,149.31K,-0.61%
07-01-2024,3442.67,3437.84,3522,3426.69,241.71K,0.14%
06/30/2024,3437.84,3378.6,3459.12,3356.74,150.94K,1.75%
06/29/2024,3378.6,3380.17,3408.32,3374.78,95.20K,-0.05%
06/28/2024,3380.15,3450.45,3487.12,3369.65,238.05K,-2.04%
06/27/2024,3450.45,3370.79,3472.72,3364.08,217.37K,2.37%
06/26/2024,3370.72,3395.03,3424.75,3328.42,250.14K,-0.72%
06/25/2024,3395.03,3352.26,3424.88,3337.14,275.47K,1.28%
06/24/2024,3352.29,3420.83,3433.89,3245.76,601.35K,-2.00%
06/23/2024,3420.84,3495.96,3520.35,3410.03,191.03K,-2.15%
06/22/2024,3495.87,3518.03,3520.8,3476.08,158.47K,-0.63%
06/21/2024,3518.03,3512.95,3543.69,3447.5,392.71K,0.15%
06/20/2024,3512.91,3561.24,3624.46,3486.58,371.29K,-1.36%
06/19/2024,3561.3,3484.57,3585.8,3466.82,346.10K,2.20%
06/18/2024,3484.55,3511.52,3515.87,3373.14,480.08K,-0.77%
06/17/2024,3511.52,3625.11,3636.99,3470.65,356.79K,-3.13%
06/16/2024,3625.11,3568.74,3650.11,3541.46,156.55K,1.58%
06/15/2024,3568.72,3481.75,3592.84,3474.26,256.22K,2.50%
06/14/2024,3481.84,3470.16,3530.94,3368.09,339.90K,0.34%
06/13/2024,3470.15,3559.95,3561.15,3433.13,316.98K,-2.52%
06-12-2024,3559.95,3497.99,3652.79,3464.17,418.36K,1.77%
06-11-2024,3498,3667.85,3672.92,3433.2,477.11K,-4.63%
06-10-2024,3667.85,3706.32,3711.9,3650.33,165.29K,-1.04%
06-09-2024,3706.32,3681.59,3719.02,3668.45,108.79K,0.67%
06-08-2024,3681.59,3678.36,3709.44,3670.34,147.95K,0.09%
06-07-2024,3678.37,3812.95,3840.88,3608.44,384.78K,-3.53%
06-06-2024,3812.95,3865.15,3878.28,3765.23,251.82K,-1.35%
06-05-2024,3865.14,3810.35,3885.15,3778.13,288.18K,1.44%
06-04-2024,3810.35,3767.1,3831.41,3743.11,247.96K,1.15%
06-03-2024,3767.1,3782.06,3849.47,3759.07,262.39K,-0.40%
06-02-2024,3782.08,3815.95,3838.34,3753.62,219.62K,-0.89%
06-01-2024,3815.95,3762.63,3832.35,3753.32,143.81K,1.42%
05/31/2024,3762.66,3747.89,3844.96,3724.57,294.56K,0.40%
05/30/2024,3747.55,3767.22,3824.94,3703.74,293.81K,-0.58%
05/29/2024,3769.57,3845.56,3886.44,3745.72,353.25K,-1.98%
05/28/2024,3845.56,3894.33,3929.21,3775.08,436.24K,-1.25%
05/27/2024,3894.33,3825.99,3976,3824.33,393.85K,1.79%
05/26/2024,3826.02,3749.28,3881.62,3733.77,313.07K,2.05%
05/25/2024,3749.28,3728.32,3776.75,3709.7,170.39K,0.57%
05/24/2024,3728.21,3785.61,3829.13,3635.18,514.00K,-1.52%
05/23/2024,3785.65,3739.07,3941.42,3645.49,1.19M,1.25%
05/22/2024,3739.08,3790.42,3810.5,3654.54,597.46K,-1.36%
05/21/2024,3790.46,3661.04,3833.07,3630.71,1.01M,3.53%
05/20/2024,3661.07,3072.07,3679.47,3048.33,899.51K,19.17%
05/19/2024,3072.08,3122.87,3135.99,3058.31,170.99K,-1.63%
05/18/2024,3122.87,3092.09,3145.59,3084.73,205.74K,0.97%
05/17/2024,3092.75,2944.99,3116.65,2933.39,369.55K,5.02%
05/16/2024,2944.99,3032.64,3040.62,2924.2,306.25K,-2.96%
05/15/2024,3034.71,2881.99,3041.11,2864.5,363.90K,5.30%
05/14/2024,2881.99,2951.01,2958.94,2866,279.49K,-2.34%
05/13/2024,2951.01,2929.36,2993.23,2865.08,381.30K,0.74%
05-12-2024,2929.35,2912.56,2953.92,2903.16,111.77K,0.58%
05-11-2024,2912.56,2909.86,2943.58,2889.62,144.62K,0.09%
05-10-2024,2909.86,3036.32,3052.94,2882.82,355.90K,-4.16%
05-09-2024,3036.32,2974.92,3057.07,2953.21,248.78K,2.06%
05-08-2024,2974.94,3006.32,3036.79,2941.71,283.76K,-1.04%
05-07-2024,3006.36,3062.03,3128.32,3004.04,315.01K,-1.82%
05-06-2024,3062.03,3136.4,3220.04,3048.65,377.37K,-2.37%
05-05-2024,3136.4,3117.14,3170.63,3074.55,229.16K,0.62%
05-04-2024,3117.23,3102.25,3146.74,3095.58,205.59K,0.48%
05-03-2024,3102.25,2987.11,3125.81,2958.98,381.95K,3.85%
05-02-2024,2987.12,2973.3,3014.55,2897.11,387.64K,0.47%
05-01-2024,2973.27,3014.38,3023.06,2819.19,672.37K,-1.36%
04/30/2024,3014.41,3216.85,3250.44,2927.77,591.88K,-6.28%
04/29/2024,3216.29,3261.72,3286.75,3119.56,438.13K,-1.39%
04/28/2024,3261.69,3255.57,3347.45,3250.66,318.13K,0.19%
04/27/2024,3255.57,3131.42,3282.99,3073.79,334.66K,3.98%
04/26/2024,3130.9,3155.83,3165.94,3104.77,263.09K,-0.79%
04/25/2024,3155.83,3141.03,3189.11,3078.65,369.13K,0.47%
04/24/2024,3141.03,3220.11,3292.31,3111.91,409.83K,-2.46%
04/23/2024,3220.13,3200.28,3262.5,3153.81,265.42K,0.61%
04/22/2024,3200.62,3147.84,3233.84,3130.24,306.74K,1.68%
04/21/2024,3147.83,3156.62,3195.43,3116.85,234.07K,-0.28%
04/20/2024,3156.63,3056.51,3168.9,3020.82,256.05K,3.29%
04/19/2024,3056.23,3064.49,3122.51,2871.82,645.65K,-0.27%
04/18/2024,3064.48,2985.82,3089.53,2955.31,423.99K,2.63%
04/17/2024,2985.82,3083.42,3123.68,2917.59,524.88K,-3.17%
04/16/2024,3083.43,3100.98,3125.19,2998.17,560.47K,-0.56%
04/15/2024,3100.94,3152.65,3273.03,3030.76,654.92K,-1.64%
04/14/2024,3152.65,3005.96,3168.52,2913.83,799.68K,4.93%
04/13/2024,3004.44,3237.16,3296.69,2863.89,1.06M,-7.27%
04-12-2024,3239.86,3502.55,3551.22,3150.92,739.63K,-7.50%
04-11-2024,3502.55,3545.16,3615.24,3479.15,349.38K,-1.20%
04-10-2024,3545.16,3506.95,3560.13,3419.12,404.41K,1.09%
04-09-2024,3506.96,3694.92,3723.75,3459.79,482.49K,-5.09%
04-08-2024,3694.93,3454.17,3727.87,3409.58,538.85K,6.97%
04-07-2024,3454.17,3351.99,3459.43,3344.89,217.80K,3.05%
04-06-2024,3352.03,3317.84,3394.8,3307.23,190.08K,1.03%
04-05-2024,3317.84,3327.45,3344.17,3212.89,359.70K,-0.29%
04-04-2024,3327.45,3310.82,3435.57,3254.31,371.23K,0.51%
04-03-2024,3310.62,3278.01,3366.75,3203.21,426.57K,1.00%
04-02-2024,3277.99,3502.84,3505.39,3216.48,647.13K,-6.42%
04-01-2024,3502.82,3647.08,3647.08,3421.96,422.72K,-3.96%
03/31/2024,3647.09,3506.82,3652.97,3505.17,252.38K,4.00%
03/30/2024,3506.83,3509.76,3564.04,3487.64,224.95K,-0.08%
03/29/2024,3509.76,3559.43,3583.18,3475.04,334.49K,-1.40%
03/28/2024,3559.43,3500.43,3609.66,3470.62,416.69K,1.69%
03/27/2024,3500.43,3587.48,3661.91,3462.44,460.87K,-2.43%
03/26/2024,3587.5,3590.62,3677.24,3544.55,520.43K,-0.09%
03/25/2024,3590.62,3455.35,3651.3,3421.09,584.66K,3.92%
03/24/2024,3455.33,3332.87,3469.66,3300.74,270.03K,3.67%
03/23/2024,3332.9,3334.19,3430.04,3275.78,334.86K,-0.04%
03/22/2024,3334.12,3492.89,3541.65,3254.56,589.84K,-4.55%
03/21/2024,3493.23,3514.73,3583.02,3413.6,638.79K,-0.61%
03/20/2024,3514.73,3165.07,3531.37,3063.6,1.26M,11.04%
03/19/2024,3165.2,3520.32,3546.23,3151.42,1.11M,-10.09%
03/18/2024,3520.3,3644.77,3644.77,3454.94,588.48K,-3.42%
03/17/2024,3644.78,3523.66,3678.07,3421.42,549.29K,3.44%
03/16/2024,3523.68,3741.16,3778.6,3476.82,567.02K,-5.81%
03/15/2024,3741.12,3881.7,3931.33,3591.51,981.71K,-3.68%
03/14/2024,3883.94,4004.3,4009.92,3729.51,672.52K,-3.01%
03/13/2024,4004.29,3979.3,4078.48,3935.6,503.46K,0.63%
03-12-2024,3979.3,4065.15,4091.28,3843.45,685.77K,-2.11%
03-11-2024,4065.02,3878.47,4081.72,3756.39,767.30K,4.81%
03-10-2024,3878.47,3905.17,3961.94,3793.64,372.52K,-0.68%
03-09-2024,3905.17,3883.2,3941.34,3872.96,265.43K,0.57%
03-08-2024,3883.2,3868.75,3991.89,3825.16,686.06K,0.35%
03-07-2024,3869.69,3814.56,3932.77,3736.33,568.32K,1.45%
03-06-2024,3814.56,3555.94,3899.99,3503.51,1.02M,7.27%
03-05-2024,3556.03,3626.39,3819.79,3237.28,1.48M,-1.94%
03-04-2024,3626.34,3488.67,3638.1,3445.47,769.53K,3.95%
03-03-2024,3488.67,3420.64,3491.53,3364.44,363.55K,1.99%
03-02-2024,3420.64,3433.51,3459.96,3395.03,296.91K,-0.37%
03-01-2024,3433.51,3339.25,3449.56,3339.24,431.98K,2.82%
02/29/2024,3339.26,3382.98,3520.8,3300.42,802.17K,-1.29%
02/28/2024,3383.03,3242.44,3482.48,3183.92,1.01M,4.35%
02/27/2024,3242.14,3175.94,3285.01,3165.91,674.56K,2.08%
02/26/2024,3175.94,3112.59,3193.67,3038,582.39K,2.04%
02/25/2024,3112.59,2992.29,3117.59,2984.29,450.78K,4.02%
02/24/2024,2992.29,2922.24,3005.95,2907.23,251.89K,2.40%
02/23/2024,2922.24,2972.47,2992.8,2906.43,441.33K,-1.69%
02/22/2024,2972.46,2971.18,3031.76,2907.22,595.92K,0.04%
02/21/2024,2971.18,3015.38,3016.76,2871.88,620.51K,-1.47%
02/20/2024,3015.38,2944.79,3030.61,2879.82,674.55K,2.40%
02/19/2024,2944.8,2880.16,2983.48,2859.82,478.68K,2.25%
02/18/2024,2880.1,2785.9,2892.79,2765.97,391.11K,3.38%
02/17/2024,2785.9,2801.8,2804.17,2721.21,251.97K,-0.57%
02/16/2024,2801.8,2822.59,2856.76,2759.52,401.19K,-0.74%
02/15/2024,2822.59,2775.12,2864.41,2760.98,520.70K,1.71%
02/14/2024,2775.12,2640.12,2785.51,2619.77,491.97K,5.11%
02/13/2024,2640.1,2657.91,2686.14,2597.15,530.99K,-0.67%
02-12-2024,2657.87,2506.69,2663.57,2473.54,477.42K,6.03%
02-11-2024,2506.69,2500.28,2537.85,2493.83,230.91K,0.26%
02-10-2024,2500.28,2486.24,2515.95,2472.92,194.43K,0.56%
02-09-2024,2486.24,2419.56,2522.96,2419.16,540.92K,2.76%
02-08-2024,2419.56,2424.66,2461,2412.01,350.33K,-0.21%
02-07-2024,2424.64,2372.65,2443.71,2354.46,355.40K,2.19%
02-06-2024,2372.65,2301.83,2390.53,2299.24,381.23K,3.08%
02-05-2024,2301.83,2289.78,2336.63,2271.28,244.98K,0.53%
02-04-2024,2289.78,2296.5,2310.34,2272.02,180.39K,-0.29%
02-03-2024,2296.5,2309.28,2329.5,2293.1,137.80K,-0.55%
02-02-2024,2309.28,2304.28,2324.57,2282.87,246.89K,0.22%
02-01-2024,2304.28,2283.14,2311.31,2240.79,323.61K,0.93%
01/31/2024,2283.14,2343.11,2350.8,2266.8,408.79K,-2.56%
01/30/2024,2343.11,2317.79,2389.23,2298.85,387.12K,1.09%
01/29/2024,2317.79,2256.92,2320.97,2237.69,318.84K,2.70%
01/28/2024,2256.92,2267.91,2306.43,2240.14,216.93K,-0.48%
01/27/2024,2267.91,2267.56,2282.16,2252.31,151.26K,0.02%
01/26/2024,2267.55,2217.71,2280.83,2195.88,377.79K,2.25%
01/25/2024,2217.71,2234.64,2242.85,2173.82,344.11K,-0.76%
01/24/2024,2234.64,2243.72,2264.66,2198.89,373.25K,-0.41%
01/23/2024,2243.74,2313.65,2351.18,2169.54,750.52K,-3.02%
01/22/2024,2313.64,2457.06,2465.97,2304.06,560.84K,-5.84%
01/21/2024,2457.06,2472.04,2481.63,2453.48,126.52K,-0.61%
01/20/2024,2472.03,2491.81,2491.81,2455.07,143.98K,-0.79%
01/19/2024,2491.81,2469.77,2504.09,2418.61,443.42K,0.89%
01/18/2024,2469.77,2531.26,2548.79,2430.97,467.22K,-2.43%
01/17/2024,2531.26,2588.63,2592.88,2510,380.90K,-2.22%
01/16/2024,2588.64,2511.95,2613.71,2501,395.07K,3.05%
01/15/2024,2511.94,2473.96,2553.24,2472.69,332.15K,1.54%
01/14/2024,2473.96,2578.36,2578.37,2470.21,316.45K,-4.05%
01/13/2024,2578.36,2523.99,2589.98,2498.48,436.91K,2.15%
01-12-2024,2523.98,2618.08,2712.88,2462.93,931.96K,-3.59%
01-11-2024,2618.08,2581.9,2688.26,2567.55,889.36K,1.41%
01-10-2024,2581.79,2344.29,2629.68,2342.21,1.12M,10.11%
01-09-2024,2344.67,2330.99,2369.6,2229.25,588.19K,0.59%
01-08-2024,2330.98,2221.4,2357.14,2167.42,565.23K,4.93%
01-07-2024,2221.4,2240.49,2254.7,2209.46,216.41K,-0.85%
01-06-2024,2240.49,2268.14,2269.65,2217.05,202.82K,-1.22%
01-05-2024,2268.12,2267.29,2275.25,2207.4,426.01K,0.04%
01-04-2024,2267.27,2209.49,2293.17,2202.99,467.01K,2.62%
01-03-2024,2209.49,2355.28,2383.92,2122.78,852.01K,-6.19%
01-02-2024,2355.27,2352.06,2430.53,2347.62,491.56K,0.14%
01-01-2024,2352.03,2281.89,2352.03,2266.75,229.28K,3.07%
12/31/2023,2281.9,2291.7,2320.91,2264.67,232.62K,-0.43%
12/30/2023,2291.7,2299.24,2322.76,2269.23,219.92K,-0.33%
12/29/2023,2299.24,2344.48,2385.26,2265.63,475.37K,-1.93%
12/28/2023,2344.47,2378.63,2443.59,2338.46,626.91K,-1.44%
12/27/2023,2378.63,2230.76,2391.53,2213.78,577.27K,6.63%
12/26/2023,2230.74,2271.38,2274.71,2184.6,429.50K,-1.79%
12/25/2023,2271.38,2263.57,2303.28,2253.25,298.17K,0.35%
12/24/2023,2263.57,2308.6,2325.08,2247.73,319.33K,-1.95%
12/23/2023,2308.61,2324.24,2330.07,2267.39,266.30K,-0.67%
12/22/2023,2324.23,2239.62,2341.52,2232.83,620.73K,3.78%
12/21/2023,2239.62,2202.19,2277.72,2183.35,471.46K,1.70%
12/20/2023,2202.19,2177.45,2263.3,2161.76,440.35K,1.14%
12/19/2023,2177.44,2218.82,2254.75,2137.8,400.94K,-1.86%
12/18/2023,2218.8,2197.01,2223.3,2123.06,388.26K,0.99%
12/17/2023,2197.04,2229.07,2247.84,2196.06,233.48K,-1.44%
12/16/2023,2229.07,2220.41,2262.68,2212.8,206.79K,0.39%
12/15/2023,2220.41,2315.4,2317.42,2213.18,349.63K,-4.11%
12/14/2023,2315.64,2260.18,2331.63,2237.39,461.60K,2.45%
12/13/2023,2260.18,2203.49,2283.84,2148.87,436.64K,2.57%
12-12-2023,2203.49,2225.33,2243.34,2168.18,377.05K,-0.98%
12-11-2023,2225.34,2352.26,2355.02,2164.16,678.03K,-5.40%
12-10-2023,2352.26,2340.55,2376.57,2324.18,206.78K,0.50%
12-09-2023,2340.55,2358.42,2401.34,2332.36,304.64K,-0.76%
12-08-2023,2358.42,2355.78,2389.36,2340.88,397.41K,0.11%
12-07-2023,2355.8,2233.45,2381.65,2224.61,518.61K,5.48%
12-06-2023,2233.45,2293.36,2310.2,2223.15,431.57K,-2.61%
12-05-2023,2293.34,2243.3,2302.29,2190.96,561.41K,2.22%
12-04-2023,2243.54,2192.79,2272.26,2191.43,601.45K,2.31%
12-03-2023,2192.79,2164.79,2215.46,2150.58,279.65K,1.29%
12-02-2023,2164.79,2087.21,2179.73,2086.29,344.20K,3.72%
12-01-2023,2087.21,2051.59,2109.32,2045.39,402.51K,1.74%
11/30/2023,2051.56,2028.99,2054.33,2021.44,252.49K,1.11%
11/29/2023,2028.99,2048.47,2071.36,2020.31,269.97K,-0.95%
11/28/2023,2048.47,2027.51,2074.79,1996.19,312.94K,1.03%
11/27/2023,2027.51,2062.3,2071.13,1987.43,354.28K,-1.70%
11/26/2023,2062.64,2082.91,2092.8,2038.28,259.79K,-0.98%
11/25/2023,2083.09,2080.63,2089.64,2065.17,154.35K,0.12%
11/24/2023,2080.62,2061.92,2129.2,2059.23,460.97K,0.91%
11/23/2023,2061.92,2063.05,2088.2,2040.66,264.01K,-0.06%
11/22/2023,2063.05,1934.62,2090.01,1930.66,506.35K,6.64%
11/21/2023,1934.62,2021.49,2034.51,1932.5,527.41K,-4.30%
11/20/2023,2021.49,2011.02,2064.05,1994.89,455.23K,0.52%
11/19/2023,2011.01,1961.72,2014.93,1943.63,269.02K,2.51%
11/18/2023,1961.72,1960.8,1971.02,1920.13,298.88K,0.05%
11/17/2023,1960.8,1961.77,1990.24,1908.24,430.92K,-0.05%
11/16/2023,1961.76,2058.93,2089.44,1940.44,585.12K,-4.72%
11/15/2023,2058.93,1979.4,2060.95,1967.97,455.57K,4.03%
11/14/2023,1979.1,2054.15,2064.51,1943.01,521.22K,-3.66%
11/13/2023,2054.18,2044.61,2115.24,2031.01,578.44K,0.47%
11-12-2023,2044.61,2053.4,2065.35,2020.76,354.64K,-0.43%
11-11-2023,2053.42,2077.72,2089.24,2033.56,405.96K,-1.17%
11-10-2023,2077.78,2120.16,2135.91,2068.79,640.31K,-2.00%
11-09-2023,2120.16,1888.42,2131.31,1882.91,1.21M,12.22%
11-08-2023,1889.29,1885.95,1903.67,1873.47,265.08K,0.18%
11-07-2023,1885.97,1900.98,1906.55,1852.05,370.10K,-0.79%
11-06-2023,1900.98,1891.81,1913.13,1870,359.00K,0.46%
11-05-2023,1892.36,1855.72,1911,1846.57,418.91K,1.97%
11-04-2023,1855.72,1832.31,1868.52,1824.4,190.18K,1.28%
11-03-2023,1832.29,1800.28,1834.16,1779.79,337.00K,1.78%
11-02-2023,1800.27,1846.6,1873.02,1789,398.43K,-2.51%
11-01-2023,1846.6,1815.12,1857,1783.98,509.01K,1.73%
10/31/2023,1815.13,1809.05,1819.43,1783.32,279.11K,0.34%
10/30/2023,1809.05,1794.96,1829.47,1778.59,304.47K,0.78%
10/29/2023,1794.96,1776.21,1809.98,1764.08,156.39K,1.06%
10/28/2023,1776.21,1779.54,1801.12,1772.08,134.10K,-0.19%
10/27/2023,1779.54,1803.38,1803.63,1751.77,298.24K,-1.31%
10/26/2023,1803.13,1787,1864.81,1764.43,471.17K,0.90%
10/25/2023,1787,1784.88,1814.21,1761.39,389.39K,0.12%
10/24/2023,1784.88,1763.79,1853.31,1757.32,750.21K,1.20%
10/23/2023,1763.75,1663.35,1791.99,1657.57,672.28K,6.04%
10/22/2023,1663.35,1628.94,1667.5,1623.29,246.68K,2.11%
10/21/2023,1628.94,1603.89,1642.33,1592.41,188.94K,1.56%
10/20/2023,1603.89,1566.78,1629.26,1561.62,343.61K,2.37%
10/19/2023,1566.79,1563.43,1573.48,1543.87,238.42K,0.21%
10/18/2023,1563.43,1564.99,1583.77,1556.15,199.43K,-0.10%
10/17/2023,1564.99,1599.48,1600.49,1553.63,250.22K,-2.16%
10/16/2023,1599.48,1557.79,1635.46,1555.13,452.69K,2.69%
10/15/2023,1557.66,1554.96,1565.8,1550.05,128.70K,0.17%
10/14/2023,1554.96,1552.17,1559.94,1545.32,107.26K,0.18%
10/13/2023,1552.17,1539.7,1574.08,1538.07,208.91K,0.81%
10-12-2023,1539.7,1566.88,1568.47,1523.78,260.59K,-1.73%
10-11-2023,1566.88,1567.62,1578.16,1549.16,279.01K,-0.05%
10-10-2023,1567.6,1579.77,1593.73,1552.34,255.41K,-0.77%
10-09-2023,1579.74,1632.85,1635.13,1550.1,372.11K,-3.25%
10-08-2023,1632.85,1633.58,1641.3,1616.8,159.27K,-0.04%
10-07-2023,1633.58,1640.59,1643.25,1630.18,107.55K,-0.73%
10-06-2023,1645.62,1611.58,1659.99,1611.58,238.24K,2.11%
10-05-2023,1611.58,1646.61,1654.03,1609.54,253.05K,-2.15%
10-04-2023,1647.05,1656.88,1657.61,1630.48,243.08K,-0.59%
10-03-2023,1656.88,1662.79,1670.45,1644.05,216.11K,-0.36%
10-02-2023,1662.79,1732.9,1742.42,1638.04,412.81K,-4.05%
10-01-2023,1732.89,1670.92,1741.94,1668.94,245.32K,3.71%
09/30/2023,1670.92,1667.71,1693.68,1666.25,147.60K,0.19%
09/29/2023,1667.72,1652.89,1686.63,1648.47,273.45K,0.90%
09/28/2023,1652.89,1598.53,1667.61,1598.16,354.03K,3.40%
09/27/2023,1598.49,1594.05,1633.5,1585.28,307.59K,0.28%
09/26/2023,1594.04,1588.62,1597.67,1580.6,141.61K,0.34%
09/25/2023,1588.62,1580.55,1596.57,1564.7,191.41K,0.51%
09/24/2023,1580.55,1593.89,1600.37,1573.94,144.30K,-0.84%
09/23/2023,1593.89,1593.1,1597.96,1587.79,69.31K,0.05%
09/22/2023,1593.1,1584.03,1601.79,1578.78,135.12K,0.57%
09/21/2023,1584.03,1622.28,1625.31,1569.03,264.25K,-2.36%
09/20/2023,1622.28,1643.14,1649.17,1610.14,253.88K,-1.27%
09/19/2023,1643.08,1636.88,1659.53,1627.31,201.84K,0.38%
09/18/2023,1636.92,1622.63,1668.87,1609.69,302.35K,0.88%
09/17/2023,1622.65,1634.41,1635,1612.87,127.49K,-0.72%
09/16/2023,1634.41,1641.31,1650.04,1631.74,107.11K,-0.42%
09/15/2023,1641.31,1626.49,1652.4,1612.25,194.29K,0.91%
09/14/2023,1626.49,1607.63,1639.23,1607.08,293.64K,1.17%
09/13/2023,1607.63,1592.5,1614.43,1582.03,238.31K,0.95%
09-12-2023,1592.5,1551.89,1617.39,1549.71,354.59K,2.62%
09-11-2023,1551.89,1617.44,1618.8,1533.95,444.95K,-4.05%
09-10-2023,1617.44,1635.56,1635.72,1604.26,220.97K,-1.11%
09-09-2023,1635.56,1636.45,1637.21,1630.12,63.97K,-0.05%
09-08-2023,1636.45,1648.09,1657.53,1618.39,236.38K,-0.71%
09-07-2023,1648.09,1633.18,1658.04,1624.07,243.55K,0.91%
09-06-2023,1633.18,1634.46,1667.08,1610.49,240.73K,-0.08%
09-05-2023,1634.46,1630.53,1647.67,1610.02,219.79K,0.24%
09-04-2023,1630.51,1635.86,1643.31,1618.49,178.25K,-0.33%
09-03-2023,1635.85,1637.05,1645.16,1625.61,124.14K,-0.07%
09-02-2023,1637.05,1629,1644.63,1628.11,109.03K,0.49%
09-01-2023,1629,1645.82,1654.39,1603.67,319.19K,-1.02%
08/31/2023,1645.82,1705.23,1723.95,1634.74,355.27K,-3.48%
08/30/2023,1705.22,1729.69,1730.71,1696.99,218.44K,-1.41%
08/29/2023,1729.69,1653.22,1742.83,1640.29,528.63K,4.63%
08/28/2023,1653.22,1658.34,1660.8,1628.79,229.39K,-0.31%
08/27/2023,1658.33,1647.05,1660.11,1646.35,94.20K,0.68%
08/26/2023,1647.05,1653.74,1655.58,1644.04,84.34K,-0.40%
08/25/2023,1653.74,1661.18,1676.13,1636.77,250.86K,-0.43%
08/24/2023,1660.89,1679.93,1683.03,1642.45,246.62K,-1.13%
08/23/2023,1679.93,1634.3,1697.63,1629.86,399.71K,2.79%
08/22/2023,1634.29,1667.6,1669.22,1588.36,424.51K,-2.00%
08/21/2023,1667.6,1685.24,1686.11,1651.77,265.91K,-1.05%
08/20/2023,1685.24,1669.68,1692.47,1662.82,205.82K,0.93%
08/19/2023,1669.67,1661.27,1693.88,1654.35,243.31K,0.51%
08/18/2023,1661.26,1681.51,1698.77,1646.32,572.90K,-1.34%
08/17/2023,1683.89,1807.81,1809.81,1560.88,876.70K,-6.85%
08/16/2023,1807.81,1828.98,1831.52,1803.31,217.47K,-1.16%
08/15/2023,1828.98,1845.51,1847.35,1816.32,196.60K,-0.90%
08/14/2023,1845.51,1840.73,1856.48,1835.9,158.11K,0.26%
08/13/2023,1840.73,1849.94,1861.5,1835.51,126.51K,-0.50%
08-12-2023,1849.94,1848.88,1853.54,1846.13,66.93K,0.06%
08-11-2023,1848.88,1852.46,1857.17,1840.65,120.55K,-0.19%
08-10-2023,1852.46,1855.36,1865.94,1847.34,134.21K,-0.16%
08-09-2023,1855.36,1856.24,1870.48,1846.76,203.58K,-0.05%
08-08-2023,1856.24,1829.1,1871.77,1826.4,253.39K,1.48%
08-07-2023,1829.11,1830.28,1846.41,1805.3,243.92K,-0.06%
08-06-2023,1830.28,1836.48,1838.08,1826.12,100.32K,-0.34%
08-05-2023,1836.48,1830.24,1838.62,1827.52,103.08K,0.34%
08-04-2023,1830.24,1835.98,1849.13,1819.65,199.60K,-0.31%
08-03-2023,1835.98,1839.76,1858.62,1828.34,182.56K,-0.23%
08-02-2023,1840.21,1874.21,1879.32,1822.94,272.70K,-1.81%
08-01-2023,1874.21,1856.17,1875,1818.06,386.29K,0.97%
07/31/2023,1856.17,1861.81,1876.03,1851.42,177.97K,-0.30%
07/30/2023,1861.81,1880.55,1884.33,1851.63,167.77K,-1.00%
07/29/2023,1880.55,1874.23,1886.26,1869.74,79.76K,0.34%
07/28/2023,1874.23,1861.32,1882.23,1856.9,148.92K,0.69%
07/27/2023,1861.32,1872,1885.87,1855.4,176.21K,-0.57%
07/26/2023,1872,1857.67,1886.92,1849.43,286.61K,0.77%
07/25/2023,1857.67,1850.05,1867.36,1845.68,161.06K,0.41%
07/24/2023,1850.04,1888.85,1890.78,1835.14,297.13K,-2.05%
07/23/2023,1888.85,1866.26,1903.95,1858.12,164.31K,1.21%
07/22/2023,1866.25,1891.75,1897.03,1854.09,143.13K,-1.35%
07/21/2023,1891.75,1891.68,1905.57,1884.95,176.39K,0.03%
07/20/2023,1891.23,1888.64,1928.36,1879.39,321.92K,0.14%
07/19/2023,1888.65,1897.58,1920.48,1882.18,244.92K,-0.47%
07/18/2023,1897.58,1911.24,1917.21,1877.52,233.00K,-0.71%
07/17/2023,1911.24,1922.45,1935.99,1876,293.54K,-0.58%
07/16/2023,1922.45,1931.43,1942.55,1918.01,158.59K,-0.46%
07/15/2023,1931.42,1938.05,1946.1,1926.83,145.89K,-0.34%
07/14/2023,1938.05,2004.77,2025.56,1900.22,530.86K,-3.33%
07/13/2023,2004.77,1871.86,2010.75,1863.22,588.53K,7.10%
07-12-2023,1871.86,1878.33,1901.45,1865.11,280.91K,-0.34%
07-11-2023,1878.33,1880.42,1889.83,1863.93,191.47K,-0.11%
07-10-2023,1880.42,1862.91,1903.82,1846.71,264.83K,0.94%
07-09-2023,1862.91,1865.28,1878.22,1856.97,145.47K,-0.13%
07-08-2023,1865.28,1870.92,1873.16,1843.82,136.69K,-0.30%
07-07-2023,1870.92,1848.29,1877.51,1827.35,249.82K,1.22%
07-06-2023,1848.36,1910.43,1957.58,1847.01,483.00K,-3.25%
07-05-2023,1910.43,1936.21,1942.15,1896.43,284.34K,-1.33%
07-04-2023,1936.19,1955.56,1966.03,1931.64,226.10K,-0.99%
07-03-2023,1955.56,1937.57,1974.61,1934.51,346.33K,0.93%
07-02-2023,1937.57,1924.53,1958.36,1893.68,283.61K,0.68%
07-01-2023,1924.53,1933.8,1943.2,1909.92,189.41K,-0.48%
06/30/2023,1933.8,1851.92,1943.65,1837.49,765.42K,4.42%
06/29/2023,1851.92,1827.95,1878.86,1827.95,256.22K,1.31%
06/28/2023,1827.95,1889.51,1890.11,1821.94,356.71K,-3.26%
06/27/2023,1889.51,1859,1911.73,1856.19,386.05K,1.64%
06/26/2023,1859,1898.8,1906.07,1840.63,479.76K,-2.10%
06/25/2023,1898.8,1875,1929.61,1869.28,356.99K,1.27%
06/24/2023,1875,1891.98,1904.04,1865.77,239.37K,-0.90%
06/23/2023,1891.97,1872.29,1932.23,1864.6,428.03K,1.05%
06/22/2023,1872.32,1889.87,1931.6,1866.66,438.75K,-0.93%
06/21/2023,1889.87,1791.64,1899.11,1787.59,653.63K,5.48%
06/20/2023,1791.61,1737.06,1793.35,1715.2,359.77K,3.14%
06/19/2023,1737.06,1720.98,1748.05,1706.4,263.64K,0.93%
06/18/2023,1720.98,1727.79,1746.4,1715.9,167.46K,-0.39%
06/17/2023,1727.79,1717.92,1764.06,1714.3,227.93K,0.57%
06/16/2023,1717.92,1666.96,1728.35,1653.68,333.35K,3.06%
06/15/2023,1666.96,1650.96,1678.94,1632.5,397.40K,0.97%
06/14/2023,1650.96,1739.6,1749.9,1636.49,451.13K,-5.10%
06/13/2023,1739.6,1742.6,1763.15,1727.64,303.23K,-0.17%
06-12-2023,1742.6,1752.8,1757.79,1722.92,320.47K,-0.58%
06-11-2023,1752.8,1751.56,1775.87,1740.02,232.04K,0.07%
06-10-2023,1751.56,1840.41,1844.23,1719.16,696.59K,-4.83%
06-09-2023,1840.41,1845.68,1854.72,1828.66,215.71K,-0.29%
06-08-2023,1845.68,1832.1,1860.53,1829.38,202.78K,0.74%
06-07-2023,1832.1,1884.63,1893.73,1823.42,454.83K,-2.76%
06-06-2023,1884.17,1811.19,1895.79,1800.75,518.57K,4.03%
06-05-2023,1811.2,1890,1890.53,1782.82,588.61K,-4.17%
06-04-2023,1890.04,1892.05,1914.12,1884.54,183.07K,-0.11%
06-03-2023,1892.05,1907.1,1907.9,1884.17,157.10K,-0.79%
06-02-2023,1907.1,1861.77,1910.01,1847.84,329.16K,2.43%
06-01-2023,1861.77,1873.62,1888.07,1846.23,286.98K,-0.63%
05/31/2023,1873.63,1900.59,1906.21,1852,337.87K,-1.42%
05/30/2023,1900.59,1892.61,1915.91,1882.97,288.67K,0.42%
05/29/2023,1892.61,1908.37,1925.74,1878.33,338.07K,-0.83%
05/28/2023,1908.35,1829.91,1914.92,1824.7,401.09K,4.29%
05/27/2023,1829.91,1827.8,1835.94,1817.35,147.46K,0.12%
05/26/2023,1827.8,1805.62,1837.39,1798.1,290.89K,1.22%
05/25/2023,1805.69,1799.91,1817.05,1764.92,370.60K,0.32%
05/24/2023,1799.91,1854.08,1854.08,1781.7,441.64K,-2.92%
05/23/2023,1854.08,1817.19,1868.89,1815.41,428.05K,2.03%
05/22/2023,1817.19,1804.89,1827.38,1792.35,250.27K,0.68%
05/21/2023,1804.89,1819.66,1827.47,1799.03,170.05K,-0.81%
05/20/2023,1819.68,1812.32,1828.06,1807.08,134.46K,0.41%
05/19/2023,1812.32,1800.95,1829.33,1796.99,253.50K,0.63%
05/18/2023,1800.99,1822.12,1831.51,1774.77,311.24K,-1.14%
05/17/2023,1821.73,1823.98,1834.44,1785.78,376.26K,-0.12%
05/16/2023,1823.98,1817.11,1830.01,1797.6,325.77K,0.38%
05/15/2023,1817.11,1799.36,1845.27,1786.61,405.84K,0.99%
05/14/2023,1799.36,1795.11,1822.93,1791.86,229.74K,0.25%
05/13/2023,1794.95,1807.31,1814.55,1786.23,223.65K,-0.68%
05-12-2023,1807.31,1794.71,1812.46,1741.48,598.87K,0.70%
05-11-2023,1794.71,1840.92,1841.04,1774.3,548.42K,-2.51%
05-10-2023,1840.92,1846.56,1886.83,1797.07,685.11K,-0.31%
05-09-2023,1846.56,1847.48,1858.57,1832.05,318.79K,-0.05%
05-08-2023,1847.48,1871.03,1883.54,1813.63,667.82K,-1.26%
05-07-2023,1870.99,1896.48,1931.39,1870.94,441.65K,-1.34%
05-06-2023,1896.48,1993.33,2013.1,1868.09,658.63K,-4.86%
05-05-2023,1993.33,1877.06,1996.64,1875.66,589.05K,6.19%
05-04-2023,1877.06,1904.76,1915.15,1868.18,372.69K,-1.45%
05-03-2023,1904.74,1869.74,1915,1844.72,489.66K,1.87%
05-02-2023,1869.74,1830.75,1878.7,1823.25,391.27K,2.13%
05-01-2023,1830.75,1869.05,1885.7,1807.3,475.92K,-2.04%
04/30/2023,1868.88,1907.8,1937.86,1868.88,377.71K,-2.04%
04/29/2023,1907.8,1890.93,1915.9,1886.27,193.47K,0.88%
04/28/2023,1891.14,1908.79,1922.85,1875.03,408.45K,-0.93%
04/27/2023,1908.81,1866.05,1937.55,1862.37,771.48K,2.29%
04/26/2023,1866.05,1865.95,1963.46,1793.76,958.23K,0.01%
04/25/2023,1865.95,1841.88,1877.54,1804.2,491.98K,1.31%
04/24/2023,1841.88,1862.04,1889.09,1809.8,480.28K,-1.08%
04/23/2023,1862.05,1873.96,1881.92,1839.05,368.77K,-0.63%
04/22/2023,1873.95,1848.88,1886.22,1845.73,351.72K,1.30%
04/21/2023,1849.81,1942.72,1955.35,1831.47,769.94K,-4.78%
04/20/2023,1942.72,1935.97,1977.95,1917.71,665.65K,0.35%
04/19/2023,1935.97,2103.36,2104.31,1925,855.36K,-7.96%
04/18/2023,2103.34,2074.74,2121.27,2056.86,437.10K,1.38%
04/17/2023,2074.74,2118.61,2119.18,2062.17,448.14K,-2.10%
04/16/2023,2119.29,2090.59,2137.56,2073.26,342.43K,1.37%
04/15/2023,2090.59,2099.98,2110.3,2074.33,340.60K,-0.45%
04/14/2023,2099.98,2012.12,2127.56,2009.53,957.03K,4.37%
04/13/2023,2012.11,1916.59,2018.73,1899.96,721.56K,4.98%
04-12-2023,1916.58,1889.86,1930.46,1857.35,669.43K,1.41%
04-11-2023,1889.86,1910.35,1935.75,1884.64,428.26K,-1.07%
04-10-2023,1910.36,1858.9,1916.53,1847.39,457.41K,2.77%
04-09-2023,1858.9,1848.93,1871.87,1825.6,306.40K,0.54%
04-08-2023,1848.93,1863.45,1879.11,1847.72,207.67K,-0.78%
04-07-2023,1863.46,1872.35,1882.56,1844.43,298.77K,-0.47%
04-06-2023,1872.35,1908.95,1908.95,1855.89,420.80K,-1.92%
04-05-2023,1908.96,1870.52,1936.1,1864.64,583.84K,2.05%
04-04-2023,1870.52,1810.77,1887.33,1802.51,658.37K,3.30%
04-03-2023,1810.77,1795.01,1838.71,1764.26,657.58K,0.88%
04-02-2023,1795.01,1820.78,1824.32,1775.81,334.84K,-1.42%
04-01-2023,1820.78,1821.62,1840.27,1811.67,283.39K,-0.05%
03/31/2023,1821.62,1793.59,1845.54,1782.26,579.01K,1.56%
03/30/2023,1793.59,1793.16,1828.91,1766.9,607.74K,0.02%
03/29/2023,1793.27,1772.64,1825.01,1772.64,564.93K,1.16%
03/28/2023,1772.63,1714.65,1792.38,1702.95,561.33K,3.38%
03/27/2023,1714.65,1773.91,1780.06,1691.38,607.00K,-3.35%
03/26/2023,1774.06,1742.32,1796.77,1739.39,371.97K,1.82%
03/25/2023,1742.34,1749.28,1761.66,1714.43,368.84K,-0.40%
03/24/2023,1749.26,1813.62,1818.53,1728.69,602.30K,-3.57%
03/23/2023,1814.08,1734.32,1852.48,1729.38,767.73K,4.59%
03/22/2023,1734.48,1801.58,1818.47,1711.05,933.24K,-3.83%
03/21/2023,1803.54,1732.32,1833.12,1719.55,779.81K,4.11%
03/20/2023,1732.31,1780.12,1802.76,1723.9,716.26K,-2.65%
03/19/2023,1779.47,1758.7,1838.84,1758.66,574.73K,1.18%
03/18/2023,1758.7,1789.38,1833.82,1751.14,763.06K,-1.71%
03/17/2023,1789.38,1673.76,1796.74,1663.67,975.13K,6.90%
03/16/2023,1673.85,1649.66,1689.09,1634.21,660.14K,1.47%
03/15/2023,1649.65,1700.14,1716.56,1614.93,1.02M,-2.97%
03/14/2023,1700.15,1673.83,1776.65,1655.74,1.36M,1.57%
03/13/2023,1673.93,1580.28,1690.18,1565.83,1.30M,5.93%
03-12-2023,1580.24,1472.08,1585.09,1452.33,1.06M,7.42%
03-11-2023,1471.15,1426.74,1475.92,1408.58,1.43M,3.11%
03-10-2023,1426.75,1437.49,1437.49,1371.47,1.01M,-0.82%
03-09-2023,1438.5,1533.04,1545.98,1413.17,764.77K,-6.17%
03-08-2023,1533.04,1561.79,1569.7,1531.28,478.44K,-1.84%
03-07-2023,1561.78,1565.84,1580.95,1536.31,460.10K,-0.26%
03-06-2023,1565.84,1564.36,1581.13,1555.43,322.16K,0.09%
03-05-2023,1564.37,1566.73,1587.95,1556.84,313.01K,-0.15%
03-04-2023,1566.73,1569.45,1577.02,1550.1,247.02K,-0.14%
03-03-2023,1568.89,1647.86,1649.19,1547.61,783.74K,-4.76%
03-02-2023,1647.38,1666.09,1677.45,1620.2,440.63K,-1.12%
03-01-2023,1666.09,1604.69,1668.55,1595.4,497.12K,3.83%
02/28/2023,1604.69,1633.66,1646.33,1598.67,411.49K,-1.77%
02/27/2023,1633.66,1641.59,1664.98,1609.82,458.53K,-0.48%
02/26/2023,1641.6,1594.66,1648.77,1588.65,326.58K,2.94%
02/25/2023,1594.66,1608.24,1608.62,1562.1,309.29K,-0.84%
02/24/2023,1608.24,1650.52,1663.82,1579.68,548.07K,-2.56%
02/23/2023,1650.52,1643.39,1678.2,1630.94,529.75K,0.43%
02/22/2023,1643.39,1659.41,1666.39,1600.79,560.40K,-0.97%
02/21/2023,1659.41,1703.29,1716.35,1637.16,554.52K,-2.58%
02/20/2023,1703.27,1681.49,1719.1,1651.54,478.59K,1.29%
02/19/2023,1681.52,1691.62,1722.28,1670.97,427.00K,-0.60%
02/18/2023,1691.62,1693.96,1708.87,1681.17,283.51K,-0.14%
02/17/2023,1693.96,1640.66,1720.06,1631.92,617.21K,3.25%
02/16/2023,1640.66,1675.43,1738.87,1634.97,894.27K,-2.08%
02/15/2023,1675.43,1555.45,1676.94,1542.8,627.07K,7.71%
02/14/2023,1555.46,1505.85,1565.2,1494.3,705.28K,3.29%
02/13/2023,1505.84,1515.44,1525.56,1464.1,681.85K,-0.63%
02-12-2023,1515.44,1538.34,1547.3,1495.05,302.73K,-1.49%
02-11-2023,1538.34,1513.12,1542.64,1508.07,306.24K,1.62%
02-10-2023,1513.82,1545.35,1554.19,1499.49,523.33K,-2.04%
02-09-2023,1545.35,1650.97,1655.96,1530.98,702.21K,-6.40%
02-08-2023,1650.99,1671.39,1694.28,1631.15,447.57K,-1.22%
02-07-2023,1671.4,1613.72,1676.83,1613.2,481.91K,3.57%
02-06-2023,1613.72,1629.44,1657.75,1606.59,401.03K,-0.96%
02-05-2023,1629.44,1666.9,1671.88,1612.7,435.14K,-2.25%
02-04-2023,1666.9,1663.78,1694.58,1646.11,328.66K,0.19%
02-03-2023,1663.79,1641.7,1673.59,1628.73,489.79K,1.34%
02-02-2023,1641.71,1642.1,1710.27,1632.39,685.27K,-0.02%
02-01-2023,1642.1,1585.27,1647.27,1560.18,505.44K,3.59%
01/31/2023,1585.27,1566.5,1602.03,1562.04,368.94K,1.20%
01/30/2023,1566.5,1645.97,1647.25,1540.25,630.55K,-4.83%
01/29/2023,1645.97,1572.13,1657.19,1566.9,595.67K,4.63%
01/28/2023,1573.07,1597.61,1605.96,1561.24,332.62K,-1.54%
01/27/2023,1597.6,1602.54,1620.15,1560.21,533.75K,-0.31%
01/26/2023,1602.55,1611.2,1629.89,1581.76,552.26K,-0.54%
01/25/2023,1611.2,1555.97,1638.97,1523.71,681.59K,3.54%
01/24/2023,1556.15,1626.52,1641.17,1539.51,493.47K,-4.33%
01/23/2023,1626.53,1627.04,1643.82,1591.9,436.57K,-0.03%
01/22/2023,1627.03,1626.66,1662.13,1609.32,456.36K,0.09%
01/21/2023,1625.53,1659.96,1678.27,1622.89,523.34K,-2.08%
01/20/2023,1659.98,1551.12,1662.26,1543.21,472.15K,6.98%
01/19/2023,1551.62,1511.35,1560.7,1510.65,329.04K,2.67%
01/18/2023,1511.31,1564.66,1604.74,1505.37,801.71K,-3.41%
01/17/2023,1564.67,1576.94,1603.32,1544.45,536.73K,-0.78%
01/16/2023,1576.94,1552.69,1598.18,1526.4,617.00K,1.56%
01/15/2023,1552.69,1550.05,1564.34,1517.4,411.43K,0.17%
01/14/2023,1550.02,1450.86,1576.83,1449.47,1.03M,6.83%
01/13/2023,1450.86,1416.08,1463.53,1401.98,552.05K,2.46%
01-12-2023,1416.08,1389.84,1435.95,1365.78,960.62K,1.89%
01-11-2023,1389.84,1335.14,1392.4,1322.1,509.99K,4.10%
01-10-2023,1335.13,1320.51,1344.42,1316.95,487.24K,1.11%
01-09-2023,1320.51,1288.39,1344.39,1285.97,629.22K,2.49%
01-08-2023,1288.38,1263.91,1289.13,1259.15,231.75K,1.94%
01-07-2023,1263.9,1269.14,1270.95,1261.46,141.94K,-0.41%
01-06-2023,1269.14,1250.95,1274.85,1240.38,369.54K,1.45%
01-05-2023,1250.95,1256.92,1259.08,1242.93,289.49K,-0.47%
01-04-2023,1256.92,1214.57,1266.97,1212.91,504.28K,3.49%
01-03-2023,1214.57,1213.93,1219.75,1206.83,219.98K,0.05%
01-02-2023,1213.93,1200.52,1220.76,1193.77,270.72K,1.12%
01-01-2023,1200.52,1195.69,1204.12,1191.67,126.62K,0.41%
12/31/2022,1195.67,1200,1207.71,1193.16,150.20K,-0.34%
12/30/2022,1199.8,1200.84,1202.13,1186.1,285.77K,-0.09%
12/29/2022,1200.84,1189.99,1205.34,1187.19,272.59K,0.91%
12/28/2022,1189.98,1211.6,1214.32,1184.22,407.45K,-1.78%
12/27/2022,1211.6,1228.22,1233.15,1202.02,290.02K,-1.31%
12/26/2022,1227.65,1218.69,1230.37,1213.08,177.66K,0.73%
12/25/2022,1218.69,1220.46,1223.82,1201.2,256.52K,-0.15%
12/24/2022,1220.46,1220.03,1226.2,1214.76,131.51K,0.04%
12/23/2022,1220.03,1217.59,1228.46,1212.97,301.17K,0.20%
12/22/2022,1217.57,1213.99,1229.47,1185.27,383.63K,0.31%
12/21/2022,1213.85,1217.19,1218.69,1205.48,269.18K,-0.28%
12/20/2022,1217.2,1167.8,1228.97,1163.57,497.61K,4.23%
12/19/2022,1167.8,1182.7,1194.47,1152.54,337.02K,-1.26%
12/18/2022,1182.7,1187.19,1196.55,1172.82,272.63K,-0.38%
12/17/2022,1187.18,1166.7,1189.21,1162.76,363.23K,1.75%
12/16/2022,1166.7,1266.32,1279.27,1156.91,829.23K,-7.87%
12/15/2022,1266.32,1307.29,1311.07,1260.89,446.34K,-3.13%
12/14/2022,1307.3,1320.76,1348.43,1302.76,614.31K,-1.02%
12/13/2022,1320.76,1275.49,1345.07,1255.82,717.71K,3.59%
12-12-2022,1275.02,1263.42,1278.37,1241.45,395.62K,0.92%
12-11-2022,1263.42,1266.36,1282.86,1258.53,192.46K,-0.25%
12-10-2022,1266.62,1262.88,1281.24,1260.05,193.32K,0.30%
12-09-2022,1262.86,1280.29,1291.11,1257,437.55K,-1.36%
12-08-2022,1280.29,1231.04,1289.87,1223.27,447.07K,4.00%
12-07-2022,1231.04,1271.24,1275.3,1221.1,422.12K,-3.16%
12-06-2022,1271.26,1259.56,1273.92,1243.66,342.16K,0.93%
12-05-2022,1259.56,1279.21,1303.92,1248.69,430.54K,-1.58%
12-04-2022,1279.74,1240.46,1284.24,1240.14,344.96K,3.17%
12-03-2022,1240.46,1295.69,1302.61,1237.81,373.79K,-4.26%
12-02-2022,1295.69,1276.05,1295.8,1266.16,393.37K,1.54%
12-01-2022,1276.05,1294.4,1295.82,1263.58,453.59K,-1.42%
11/30/2022,1294.41,1216.54,1304.97,1213.44,858.51K,6.40%
11/29/2022,1216.55,1167.73,1226.35,1159.72,549.93K,4.18%
11/28/2022,1167.73,1193.38,1199.06,1151.98,518.17K,-2.15%
11/27/2022,1193.38,1205.17,1222.83,1191.09,306.64K,-0.98%
11/26/2022,1205.15,1198.12,1229.2,1196.93,413.09K,0.59%
11/25/2022,1198.12,1203.77,1204.75,1172.63,426.96K,-0.47%
11/24/2022,1203.77,1185.7,1217.38,1180.91,544.83K,1.52%
11/23/2022,1185.79,1139.74,1189.17,1128.53,688.96K,4.04%
11/22/2022,1139.74,1107.46,1141.58,1077.85,815.18K,2.91%
11/21/2022,1107.46,1142.88,1143.96,1081.96,981.81K,-3.10%
11/20/2022,1142.88,1217.65,1226.14,1135.57,564.89K,-6.14%
11/19/2022,1217.65,1208.92,1231.15,1207.34,225.46K,0.86%
11/18/2022,1207.31,1206.99,1225.39,1201.47,388.69K,0.18%
11/17/2022,1205.17,1206.16,1227.73,1185.58,567.61K,-0.08%
11/16/2022,1206.16,1253.45,1267.62,1188.76,705.31K,-3.77%
11/15/2022,1253.45,1242.64,1289.21,1235.39,686.18K,0.87%
11/14/2022,1242.64,1221.47,1289.01,1175.42,1.01M,1.73%
11/13/2022,1221.47,1256.29,1274.24,1205.61,597.25K,-2.77%
11-12-2022,1256.29,1288.71,1291.39,1239.34,602.58K,-2.51%
11-11-2022,1288.63,1299.21,1307.16,1203.04,1.45M,-0.81%
11-10-2022,1299.15,1100.86,1346.92,1089.01,2.19M,18.01%
11-09-2022,1100.84,1335.26,1337.19,1076.29,2.92M,-17.56%
11-08-2022,1335.25,1567.54,1576.1,1241.18,2.87M,-14.82%
11-07-2022,1567.57,1570.71,1608.06,1547.29,719.30K,-0.21%
11-06-2022,1570.86,1626.86,1637.44,1565.79,464.26K,-3.45%
11-05-2022,1627.07,1645.03,1664.42,1623.48,404.02K,-1.09%
11-04-2022,1645.01,1531.06,1666.17,1528.6,1.07M,7.44%
11-03-2022,1531.08,1518.99,1558.75,1515.75,631.90K,0.79%
11-02-2022,1519.04,1579.59,1618.82,1503.29,1.14M,-3.84%
11-01-2022,1579.64,1572.89,1609.1,1564.69,593.31K,0.43%
10/31/2022,1572.89,1590.47,1634.17,1550.72,938.65K,-1.11%
10/30/2022,1590.47,1619.67,1638.6,1577.35,542.49K,-1.80%
10/29/2022,1619.69,1554.47,1660.13,1548.83,1.05M,4.20%
10/28/2022,1554.47,1514.14,1572.66,1489.99,966.35K,2.66%
10/27/2022,1514.19,1566.18,1575.9,1508.24,1.02M,-3.32%
10/26/2022,1566.16,1459.6,1590.23,1458.61,1.43M,7.30%
10/25/2022,1459.6,1343.88,1522.06,1335.38,1.28M,8.61%
10/24/2022,1343.88,1364.19,1369.35,1324.25,665.58K,-1.47%
10/23/2022,1363.92,1313.64,1370.91,1301.8,473.61K,3.83%
10/22/2022,1313.64,1299.76,1318.84,1294.61,244.20K,1.07%
10/21/2022,1299.76,1282.87,1306.27,1257.83,525.54K,1.32%
10/20/2022,1282.87,1285.33,1310.47,1272.79,483.19K,-0.19%
10/19/2022,1285.32,1310.81,1313.46,1282.44,406.74K,-1.94%
10/18/2022,1310.81,1331.4,1341.21,1287.58,625.85K,-1.53%
10/17/2022,1331.12,1305.95,1338.39,1296.45,498.15K,1.93%
10/16/2022,1305.95,1274.93,1314.52,1274.66,333.15K,2.46%
10/15/2022,1274.57,1296.74,1301.48,1264.86,321.11K,-1.71%
10/14/2022,1296.74,1287.33,1342.01,1284.08,734.03K,0.73%
10/13/2022,1287.34,1294.56,1299.74,1196.63,1.09M,-0.56%
10-12-2022,1294.57,1279.97,1304.45,1275.77,418.57K,1.14%
10-11-2022,1279.97,1290,1297.59,1269.35,498.63K,-0.78%
10-10-2022,1290.04,1323.17,1337.58,1288.68,451.44K,-2.52%
10-09-2022,1323.41,1315.08,1328.55,1308.15,210.50K,0.64%
10-08-2022,1315.05,1331.07,1336.69,1304.08,227.70K,-1.20%
10-07-2022,1330.99,1352.17,1361.26,1319.17,574.76K,-1.57%
10-06-2022,1352.27,1352.07,1383.02,1347.78,680.65K,0.01%
10-05-2022,1352.07,1361.51,1364.03,1317.58,564.42K,-0.69%
10-04-2022,1361.48,1323.37,1367.3,1318.87,550.05K,2.88%
10-03-2022,1323.41,1277.02,1329.16,1266.86,604.19K,3.74%
10-02-2022,1275.74,1311.8,1317.41,1272.38,432.45K,-2.75%
10-01-2022,1311.8,1328.73,1333.61,1303.22,293.02K,-1.27%
09/30/2022,1328.73,1336.05,1372.44,1316.62,866.63K,-0.55%
09/29/2022,1336.08,1337.34,1351.61,1289.66,871.66K,-0.10%
09/28/2022,1337.37,1328.23,1354.75,1261.29,1.08M,0.69%
09/27/2022,1328.23,1337.07,1399.67,1305.49,1.00M,-0.66%
09/26/2022,1337.06,1294.24,1339.17,1279.71,1.05M,3.31%
09/25/2022,1294.26,1317.01,1335.73,1271.87,579.09K,-1.73%
09/24/2022,1317,1327.91,1348.91,1307.96,559.42K,-0.83%
09/23/2022,1327.96,1326.12,1356.74,1264.91,1.16M,0.11%
09/22/2022,1326.44,1247.64,1346.38,1237.96,1.11M,6.31%
09/21/2022,1247.74,1323.34,1388.38,1222.29,1.39M,-5.71%
09/20/2022,1323.33,1375.96,1384.39,1315.03,765.14K,-3.83%
09/19/2022,1376,1334.82,1391.5,1284.5,1.11M,3.07%
09/18/2022,1335.01,1468.76,1469.21,1327.21,934.28K,-9.11%
09/17/2022,1468.79,1434.01,1475.05,1409.65,483.78K,2.43%
09/16/2022,1434.01,1472.63,1483.43,1410.9,829.01K,-2.62%
09/15/2022,1472.64,1637.89,1653.55,1461.16,1.66M,-10.09%
09/14/2022,1637.92,1574.41,1646.09,1556.97,858.28K,4.03%
09/13/2022,1574.47,1716.45,1751.5,1562.3,1.30M,-8.27%
09-12-2022,1716.42,1766.99,1782.74,1694.08,727.78K,-2.86%
09-11-2022,1766.93,1774.38,1786.73,1722.62,467.42K,-0.42%
09-10-2022,1774.38,1718.84,1788.1,1707.81,470.19K,3.23%
09-09-2022,1718.81,1635.33,1743.47,1631.17,969.87K,5.14%
09-08-2022,1634.85,1629.63,1660.56,1595.9,772.84K,0.33%
09-07-2022,1629.51,1557.85,1657.05,1493.19,976.59K,4.60%
09-06-2022,1557.85,1617.4,1686.23,1556.09,1.18M,-3.66%
09-05-2022,1617.07,1578.9,1628.77,1557.66,571.75K,2.42%
09-04-2022,1578.89,1557.35,1580.81,1541.16,339.06K,1.37%
09-03-2022,1557.55,1575.31,1581.37,1535.98,378.79K,-1.13%
09-02-2022,1575.34,1585.55,1647.5,1547.68,1.04M,-0.64%
09-01-2022,1585.48,1554.57,1597.48,1514.75,823.90K,1.95%
08/31/2022,1555.12,1523.39,1617.09,1523.39,1.07M,2.09%
08/30/2022,1523.34,1552.56,1605.3,1475.68,1.14M,-1.88%
08/29/2022,1552.6,1426.25,1559.46,1424.33,931.76K,8.86%
08/28/2022,1426.25,1490.88,1507.92,1424.69,633.35K,-4.33%
08/27/2022,1490.83,1508.32,1518.14,1449.31,866.82K,-1.14%
08/26/2022,1508.08,1695.38,1703.32,1490.67,1.34M,-11.05%
08/25/2022,1695.37,1656.64,1720.84,1654.77,677.67K,2.34%
08/24/2022,1656.64,1665.3,1691.25,1606.06,827.20K,-0.50%
08/23/2022,1664.89,1626.7,1672.63,1564.37,1.05M,2.34%
08/22/2022,1626.75,1618.21,1627.13,1531.91,1.04M,0.53%
08/21/2022,1618.25,1575.61,1644.88,1563.92,852.07K,2.71%
08/20/2022,1575.6,1609.01,1654.84,1525.51,1.01M,-2.11%
08/19/2022,1609.48,1846.52,1846.97,1607.6,1.59M,-12.84%
08/18/2022,1846.51,1834.19,1880.22,1822.04,675.27K,0.67%
08/17/2022,1834.18,1876.69,1956.54,1821,1.10M,-2.27%
08/16/2022,1876.7,1900.08,1914.06,1856.44,725.78K,-1.24%
08/15/2022,1900.25,1935.1,2012.02,1873.7,1.09M,-1.80%
08/14/2022,1935.1,1983.52,2028.4,1909.19,662.15K,-2.44%
08/13/2022,1983.5,1957.62,2018.97,1946.65,798.08K,1.32%
08-12-2022,1957.63,1880.3,1961.83,1856.64,834.69K,4.11%
08-11-2022,1880.28,1853.5,1931.06,1850.72,1.31M,1.45%
08-10-2022,1853.46,1702.8,1881.39,1657.78,1.52M,8.85%
08-09-2022,1702.8,1778.15,1789.55,1668.79,960.58K,-4.25%
08-08-2022,1778.42,1700.26,1813.45,1694.69,951.02K,4.59%
08-07-2022,1700.29,1690.29,1728.97,1669.39,530.48K,0.59%
08-06-2022,1690.27,1737.66,1749.33,1687.74,696.11K,-2.73%
08-05-2022,1737.71,1607,1740.33,1605.71,1.21M,8.14%
08-04-2022,1606.94,1618.07,1661.15,1581.18,881.56K,-0.69%
08-03-2022,1618.08,1631.46,1682.23,1591.6,906.08K,-0.82%
08-02-2022,1631.48,1630.07,1675.51,1560.17,1.25M,0.08%
08-01-2022,1630.1,1679.98,1702.81,1607.29,959.53K,-2.97%
07/31/2022,1680,1695.99,1752.94,1667.41,822.23K,-0.94%
07/30/2022,1695.97,1720.8,1741.34,1674.42,891.42K,-1.44%
07/29/2022,1720.77,1725.97,1764.74,1658.26,1.44M,-0.30%
07/28/2022,1726.01,1635.99,1781.39,1597.67,1.87M,5.50%
07/27/2022,1636.01,1449.65,1643.7,1421.17,1.80M,12.77%
07/26/2022,1450.7,1438.76,1451.46,1357.7,1.42M,0.85%
07/25/2022,1438.52,1598.19,1608.06,1438.5,1.65M,-9.99%
07/24/2022,1598.19,1549.61,1659.93,1547.7,1.18M,3.14%
07/23/2022,1549.61,1534.85,1596.02,1490.35,1.03M,0.96%
07/22/2022,1534.85,1575.68,1644.99,1520.36,1.43M,-2.59%
07/21/2022,1575.68,1520.66,1600.35,1465.93,1.55M,3.62%
07/20/2022,1520.64,1543.45,1618.43,1488.73,1.65M,-1.48%
07/19/2022,1543.5,1584.33,1620.35,1494.88,2.18M,-2.60%
07/18/2022,1584.77,1337.92,1590.95,1336.75,2.37M,18.46%
07/17/2022,1337.85,1356,1385.23,1323.23,1.41M,-1.34%
07/16/2022,1356.08,1231.03,1399.16,1192.18,1.77M,10.16%
07/15/2022,1231.03,1192.83,1284.76,1182.22,1.74M,3.21%
07/14/2022,1192.75,1115.8,1210.17,1072.58,1.86M,6.89%
07/13/2022,1115.83,1038.6,1116.51,1012.29,2.48M,7.44%
07-12-2022,1038.56,1096.41,1097.75,1035.82,1.49M,-5.28%
07-11-2022,1096.43,1167.35,1170.63,1093.28,1.34M,-6.08%
07-10-2022,1167.35,1216.94,1219.26,1155.25,1.12M,-4.07%
07-09-2022,1216.94,1216.26,1232.69,1205.26,644.47K,0.05%
07-08-2022,1216.33,1238.1,1275.69,1194.15,1.45M,-1.76%
07-07-2022,1238.15,1186.48,1252.69,1163.85,1.18M,4.36%
07-06-2022,1186.45,1133.87,1202.09,1112.02,1.42M,4.63%
07-05-2022,1133.9,1151.19,1170.97,1079.36,1.59M,-1.50%
07-04-2022,1151.19,1074.07,1159.76,1045.97,1.35M,7.18%
07-03-2022,1074.08,1066.6,1086.9,1041.82,755.27K,0.70%
07-02-2022,1066.6,1059.05,1077.66,1029.03,865.06K,0.72%
07-01-2022,1058.94,1069.13,1110.25,1035.79,1.89M,-0.95%
06/30/2022,1069.05,1099.51,1105.88,1000.77,1.71M,-2.77%
06/29/2022,1099.51,1143.95,1155.02,1088.1,1.54M,-3.89%
06/28/2022,1143.97,1191.02,1234.96,1137.57,1.32M,-3.94%
06/27/2022,1190.84,1198.03,1237.14,1176.77,1.07M,-0.60%
06/26/2022,1198.03,1241.8,1276.81,1196.2,1.13M,-3.52%
06/25/2022,1241.76,1224.96,1255.55,1181.11,1.03M,1.37%
06/24/2022,1225.03,1144.33,1244.82,1132.87,1.66M,7.07%
06/23/2022,1144.19,1049.02,1152.97,1046.57,1.57M,9.07%
06/22/2022,1049.02,1125.96,1127.06,1045.37,1.58M,-6.83%
06/21/2022,1125.96,1128.29,1192.27,1110.63,1.60M,-0.21%
06/20/2022,1128.32,1128.39,1165.62,1056.58,2.04M,-0.01%
06/19/2022,1128.39,995.49,1152.07,938.24,2.42M,13.34%
06/18/2022,995.61,1086.47,1096.93,883.35,2.77M,-8.36%
06/17/2022,1086.47,1068.49,1116.46,1052.17,1.45M,1.68%
06/16/2022,1068.49,1237.92,1254.28,1052.65,1.76M,-13.69%
06/15/2022,1237.92,1208.82,1244.8,1016.99,3.73M,2.24%
06/14/2022,1210.84,1206.67,1261.39,1078.11,3.27M,0.35%
06/13/2022,1206.67,1434.43,1454.07,1168.68,4.39M,-15.94%
06-12-2022,1435.46,1531.5,1542.01,1430.93,1.82M,-6.27%
06-11-2022,1531.42,1663.04,1681.58,1503.15,1.44M,-7.91%
06-10-2022,1663.02,1788.15,1803.54,1657.3,1.13M,-6.99%
06-09-2022,1788.06,1792.81,1832.7,1778,625.76K,-0.28%
06-08-2022,1793,1813.05,1837.41,1766.94,1.09M,-1.14%
06-07-2022,1813.72,1859.99,1870.99,1727.77,1.64M,-2.49%
06-06-2022,1859.99,1806.11,1919.4,1804.77,939.37K,2.95%
06-05-2022,1806.71,1804.6,1829.25,1773.65,437.73K,0.13%
06-04-2022,1804.37,1775.28,1815.19,1748.89,442.10K,1.64%
06-03-2022,1775.29,1834.66,1843.31,1740.83,884.53K,-3.24%
06-02-2022,1834.64,1817.98,1851.25,1784.23,975.53K,0.91%
06-01-2022,1818.07,1941.81,1971.22,1770.85,1.29M,-6.37%
05/31/2022,1941.79,1998.46,2015.02,1928.93,933.24K,-2.84%
05/30/2022,1998.46,1813.56,2009.95,1804.33,1.04M,10.20%
05/29/2022,1813.56,1792.25,1824.81,1764.72,554.58K,1.16%
05/28/2022,1792.68,1724.67,1807.79,1722.88,658.23K,3.97%
05/27/2022,1724.3,1793.19,1820.82,1708.62,1.57M,-3.85%
05/26/2022,1793.42,1942.89,1964.91,1744.12,1.42M,-7.69%
05/25/2022,1942.91,1979.4,2020.64,1937.52,639.93K,-1.84%
05/24/2022,1979.35,1973.01,1992.6,1914.48,620.41K,0.33%
05/23/2022,1972.93,2043.19,2086.21,1959.57,738.09K,-3.44%
05/22/2022,2043.19,1975.12,2055.15,1966.34,425.98K,3.45%
05/21/2022,1975.12,1959.79,1989.44,1940.59,292.47K,0.78%
05/20/2022,1959.85,2019.36,2061.08,1923.86,699.69K,-2.95%
05/19/2022,2019.34,1913.99,2039.71,1903.67,858.97K,5.61%
05/18/2022,1912.12,2091.05,2108.84,1909.56,751.82K,-8.56%
05/17/2022,2091.14,2023,2120.03,2008.84,736.63K,3.37%
05/16/2022,2022.93,2145.86,2145.86,1979.93,950.85K,-5.73%
05/15/2022,2145.86,2056.33,2161.78,2001.74,589.77K,4.36%
05/14/2022,2056.3,2009.55,2068.66,1952.07,656.94K,2.33%
05/13/2022,2009.53,1955.59,2146.22,1941.53,1.34M,2.77%
05-12-2022,1955.36,2087.17,2190.51,1796.24,2.84M,-6.03%
05-11-2022,2080.79,2342.27,2451.33,2007.57,2.70M,-11.16%
05-10-2022,2342.3,2229.69,2455.19,2202.02,1.95M,5.08%
05-09-2022,2229.1,2519.98,2529.35,2228.9,1.93M,-11.54%
05-08-2022,2519.98,2636.03,2641.84,2492.59,925.40K,-4.40%
05-07-2022,2636.03,2692.92,2703.11,2589.29,458.05K,-2.11%
05-06-2022,2692.88,2747.6,2757.14,2635.85,881.18K,-1.99%
05-05-2022,2747.46,2940.7,2952.84,2730.95,899.82K,-6.57%
05-04-2022,2940.7,2781.47,2963.54,2773.9,662.07K,5.72%
05-03-2022,2781.47,2856.01,2861.42,2757.36,447.80K,-2.61%
05-02-2022,2856.01,2825.65,2879.99,2780.08,617.74K,1.07%
05-01-2022,2825.8,2727.2,2847.02,2720.57,512.01K,3.62%
04/30/2022,2727.18,2817.14,2841.16,2716.31,430.98K,-3.18%
04/29/2022,2816.66,2937.01,2946.18,2778.33,629.56K,-4.10%
04/28/2022,2937.01,2889.01,2977.78,2856.42,726.03K,1.66%
04/27/2022,2888.99,2810.42,2916.39,2795.58,602.24K,2.80%
04/26/2022,2810.42,3006.04,3032.7,2768.38,694.46K,-6.51%
04/25/2022,3006.04,2922.03,3023.23,2800.21,807.69K,2.88%
04/24/2022,2922.03,2931.9,2966.94,2915.66,269.29K,-0.34%
04/23/2022,2931.9,2963,2977.45,2917.84,227.07K,-1.05%
04/22/2022,2963,2983.91,3029.14,2937.47,544.89K,-0.70%
04/21/2022,2983.95,3076.06,3176.69,2950.97,675.44K,-3.00%
04/20/2022,3076.38,3101.79,3161.9,3037.67,512.72K,-0.83%
04/19/2022,3102.01,3055.86,3128.86,3030.32,427.14K,1.52%
04/18/2022,3055.64,2989.05,3069.07,2887.25,681.76K,2.23%
04/17/2022,2989.05,3058.96,3081.14,2983.17,311.54K,-2.29%
04/16/2022,3058.96,3042.01,3084.84,3011.47,245.47K,0.56%
04/15/2022,3042.01,3021.93,3056.84,2996.62,309.95K,0.66%
04/14/2022,3021.93,3117.21,3143.18,2980.84,546.54K,-3.05%
04/13/2022,3116.92,3027.64,3128.2,2999.66,563.89K,2.96%
04-12-2022,3027.25,2978.45,3082.02,2951.8,790.54K,1.64%
04-11-2022,2978.29,3201.99,3213.52,2953.66,876.67K,-6.98%
04-10-2022,3201.84,3259.59,3306.14,3198.1,327.86K,-1.76%
04-09-2022,3259.35,3193.54,3268.18,3182.1,283.24K,2.05%
04-08-2022,3193.93,3228.83,3311.42,3174.14,654.82K,-1.08%
04-07-2022,3228.84,3169.58,3268.56,3143.96,569.39K,1.87%
04-06-2022,3169.58,3406.83,3406.87,3164.24,950.59K,-6.96%
04-05-2022,3406.78,3520.35,3554.54,3400.74,500.27K,-3.23%
04-04-2022,3520.41,3521.16,3544.92,3412.01,547.68K,-0.02%
04-03-2022,3521.1,3442.34,3579.82,3414.4,473.54K,2.29%
04-02-2022,3442.34,3456.18,3529.63,3436.79,629.29K,-0.40%
04-01-2022,3456.18,3282.33,3478.74,3215.33,649.92K,5.30%
03/31/2022,3282.35,3385.6,3444.43,3263.36,545.44K,-3.05%
03/30/2022,3385.64,3401.86,3445.98,3333.5,425.38K,-0.48%
03/29/2022,3401.89,3329.67,3481.23,3329.67,570.03K,2.18%
03/28/2022,3329.38,3295.73,3428.41,3275.32,628.91K,0.98%
03/27/2022,3297.04,3145.95,3297.4,3126.46,402.02K,4.80%
03/26/2022,3146.01,3103.43,3150.09,3085.8,244.28K,1.37%
03/25/2022,3103.51,3110.8,3192.73,3081.71,583.25K,-0.18%
03/24/2022,3109.25,3036.18,3126.37,3005.99,699.58K,2.41%
03/23/2022,3036.12,2969.64,3042.28,2925.78,536.63K,2.24%
03/22/2022,2969.64,2891.41,3048.32,2887.69,716.47K,2.70%
03/21/2022,2891.63,2861.66,2960.42,2830.38,546.61K,1.05%
03/20/2022,2861.69,2950.03,2962.19,2819.27,436.11K,-2.99%
03/19/2022,2949.92,2939.76,2984,2895.3,392.64K,0.35%
03/18/2022,2939.76,2812.29,2983.11,2768.65,1.59B,4.53%
03/17/2022,2812.29,2773.8,2832.61,2747.06,1.06B,1.38%
03/16/2022,2773.94,2617.43,2787.12,2603.8,1.79B,5.98%
03/15/2022,2617.43,2589.54,2667.61,2510.75,1.19B,1.09%
03/14/2022,2589.3,2516.75,2608.68,2500.12,991.82M,2.88%
03/13/2022,2516.75,2569.8,2600.65,2494.59,811.55M,-2.06%
03-12-2022,2569.8,2556.96,2612.33,2555.85,567.25M,0.50%
03-11-2022,2556.96,2606.5,2670.05,2525.2,1.28B,-1.90%
03-10-2022,2606.5,2726.94,2731.37,2559.9,1.46B,-4.42%
03-09-2022,2726.94,2577.21,2772.09,2569.13,1.52B,5.81%
03-08-2022,2577.21,2492.53,2623.99,2483.29,1.44B,3.40%
03-07-2022,2492.53,2549.4,2645.41,2447.74,1.58B,-2.23%
03-06-2022,2549.4,2665.42,2673.19,2542.19,881.09M,-4.35%
03-05-2022,2665.42,2622.15,2684.5,2592.07,709.87M,1.65%
03-04-2022,2622.15,2834.78,2835.94,2575.63,1.50B,-7.50%
03-03-2022,2834.91,2947.03,2967.9,2789.87,521.36K,-3.81%
03-02-2022,2947.14,2975.8,3041.84,2914.7,740.37K,-0.96%
03-01-2022,2975.81,2922.44,3036.59,2858.54,828.62K,1.82%
02/28/2022,2922.5,2616.34,2949.44,2574.12,899.19K,11.70%
02/27/2022,2616.34,2779.55,2834.61,2562.94,804.74K,-5.78%
02/26/2022,2776.96,2767.58,2856.01,2734.56,520.44K,0.34%
02/25/2022,2767.53,2596.52,2830.31,2573.39,828.87K,6.59%
02/24/2022,2596.52,2578.54,2732.02,2303.07,1.85M,0.71%
02/23/2022,2578.15,2637.38,2749.8,2578.15,636.50K,-2.20%
02/22/2022,2636.13,2569.19,2663.01,2501.4,841.13K,2.58%
02/21/2022,2569.87,2619.32,2755.58,2560.24,996.71K,-1.89%
02/20/2022,2619.32,2763.97,2764.46,2577.52,508.49K,-5.23%
02/19/2022,2763.81,2779.44,2829.2,2699.7,377.08K,-0.57%
02/18/2022,2779.56,2893.78,2943.14,2754.15,623.19K,-3.96%
02/17/2022,2894.03,3122.33,3159.83,2855.66,661.98K,-7.21%
02/16/2022,3118.9,3182.32,3184.88,3045.92,416.70K,-1.99%
02/15/2022,3182.27,2929.29,3193.18,2912.61,540.04K,8.64%
02/14/2022,2929.31,2871.06,2963.7,2834.13,477.24K,2.06%
02/13/2022,2870.25,2917.16,2952.94,2838.29,303.12K,-1.61%
02-12-2022,2917.1,2927.64,2984.72,2858.85,433.29K,-0.36%
02-11-2022,2927.63,3071.8,3136.33,2880.6,607.93K,-4.69%
02-10-2022,3071.83,3243.73,3277.36,3058.59,742.54K,-5.30%
02-09-2022,3243.62,3115.91,3266.41,3055.95,477.82K,4.10%
02-08-2022,3115.88,3139.65,3228.86,3029.7,664.45K,-0.77%
02-07-2022,3140.18,3056.29,3185.77,2995.59,568.42K,2.75%
02-06-2022,3056.2,3013.75,3073.23,2957.16,316.58K,1.41%
02-05-2022,3013.81,2994.74,3058.88,2963.11,473.62K,0.63%
02-04-2022,2994.99,2692.8,2994.99,2671.72,908.75K,11.22%
02-03-2022,2692.8,2680.66,2723.97,2579.8,549.27K,0.44%
02-02-2022,2681,2787.16,2809.57,2618.07,602.40K,-3.81%
02-01-2022,2787.16,2686.82,2808.6,2676.32,521.74K,3.73%
01/31/2022,2686.82,2602.71,2704.64,2478.85,601.73K,3.23%
01/30/2022,2602.77,2600.12,2636.04,2543.99,381.84K,0.11%
01/29/2022,2600.02,2545.95,2632.51,2520.14,484.18K,2.12%
01/28/2022,2545.95,2424.66,2556.34,2362.53,634.50K,5.00%
01/27/2022,2424.66,2462.25,2515.19,2317.3,774.54K,-1.49%
01/26/2022,2461.41,2458.07,2719.32,2405.66,1.05M,0.14%
01/25/2022,2458.07,2441.01,2504.32,2352.36,656.03K,0.70%
01/24/2022,2441.01,2540.81,2540.81,2161.55,1.56M,-3.93%
01/23/2022,2540.81,2412.52,2547.19,2373.85,766.83K,5.32%
01/22/2022,2412.52,2570.67,2621.21,2311.8,1.48M,-6.17%
01/21/2022,2571.29,3000.21,3032.69,2471.8,1.42M,-14.43%
01/20/2022,3004.72,3084.48,3270.71,2989.19,481.08K,-2.56%
01/19/2022,3083.65,3160.15,3173.63,3049.3,459.81K,-2.42%
01/18/2022,3160.15,3209.43,3242.47,3084.48,399.19K,-1.53%
01/17/2022,3209.35,3346.63,3356.45,3142.4,375.28K,-4.10%
01/16/2022,3346.59,3326.5,3388.22,3276.44,295.68K,0.57%
01/15/2022,3327.74,3307.84,3369.95,3265.41,292.10K,0.60%
01/14/2022,3307.9,3241.95,3341.24,3195.65,415.18K,2.16%
01/13/2022,3238.03,3370.87,3407.98,3234.97,462.81K,-3.94%
01-12-2022,3370.89,3238.22,3406.79,3208,530.96K,4.11%
01-11-2022,3237.89,3084.64,3262.78,3053.4,505.21K,4.94%
01-10-2022,3085.43,3150.27,3179.96,2931.68,804.38K,-2.06%
01-09-2022,3150.3,3079.89,3210.34,3060.47,415.87K,2.28%
01-08-2022,3080.02,3198.14,3244.46,3001.76,566.06K,-3.61%
01-07-2022,3195.31,3407.22,3413.26,3077.3,979.25K,-6.23%
01-06-2022,3407.77,3536.15,3550.19,3306.14,701.89K,-3.62%
01-05-2022,3535.86,3784.47,3846.44,3418.46,582.71K,-6.69%
01-04-2022,3789.52,3764.62,3889.07,3715.24,415.81K,0.67%
01-03-2022,3764.24,3830.7,3849.5,3682.48,338.51K,-1.73%
01-02-2022,3830.67,3765.67,3851.16,3718.33,242.55K,1.73%
01-01-2022,3765.67,3677.69,3775.2,3675.75,239.54K,2.39%
12/31/2021,3677.85,3709.38,3812.01,3623.74,405.65K,-0.85%
12/30/2021,3709.57,3629.33,3767.93,3589.64,355.72K,2.25%
12/29/2021,3627.93,3792.95,3825.97,3607.2,456.03K,-4.32%
12/28/2021,3791.69,4036.86,4036.86,3760.86,527.23K,-6.06%
12/27/2021,4036.24,4062.02,4125.22,4033.04,313.32K,-0.62%
12/26/2021,4061.27,4093.38,4104.23,4005.38,283.58K,-0.78%
12/25/2021,4093.14,4043.6,4136.03,4024.87,308.53K,1.23%
12/24/2021,4043.39,4110.2,4133.77,4024.24,353.85K,-1.62%
12/23/2021,4110.14,3979.57,4149.17,3895.89,573.18K,3.28%
12/22/2021,3979.54,4016.25,4072.4,3944.15,426.43K,-0.92%
12/21/2021,4016.59,3944.03,4058.76,3915.56,496.71K,1.98%
12/20/2021,3938.8,3925.46,3978.66,3757.42,531.11K,0.34%
12/19/2021,3925.34,3959.9,4025.36,3890.9,442.49K,-0.87%
12/18/2021,3959.83,3878.2,3993.05,3769.91,475.86K,2.10%
12/17/2021,3878.29,3957.12,3993.87,3702.33,654.90K,-1.98%
12/16/2021,3956.62,4019.57,4108.24,3955.46,512.12K,-1.56%
12/15/2021,4019.24,3860.51,4090.15,3649.69,821.22K,4.08%
12/14/2021,3861.55,3782.12,3879.43,3690.06,577.61K,2.11%
12/13/2021,3781.94,4131.47,4141.27,3673.19,891.67K,-8.47%
12-12-2021,4131.78,4078.17,4173.21,3988.29,360.45K,1.38%
12-11-2021,4075.66,3903.52,4094.92,3836.92,581.26K,4.41%
12-10-2021,3903.48,4107.2,4226.79,3894.03,798.12K,-4.97%
12-09-2021,4107.69,4435.74,4482.89,4078.14,642.17K,-7.40%
12-08-2021,4435.74,4307.08,4449.69,4229.63,574.33K,2.99%
12-07-2021,4307.08,4351.36,4424.2,4259.45,550.78K,-1.06%
12-06-2021,4353.31,4194.95,4373.23,3922.65,993.79K,3.78%
12-05-2021,4194.8,4118.27,4247.38,4036,707.69K,1.73%
12-04-2021,4123.46,4219.3,4237.56,3533.02,1.52M,-2.27%
12-03-2021,4219.3,4512.9,4646.73,4047.07,942.77K,-6.51%
12-02-2021,4512.9,4583.28,4629.75,4437.53,608.07K,-1.54%
12-01-2021,4583.28,4628.72,4778.14,4525.33,669.18K,-0.99%
11/30/2021,4628.9,4443.22,4749.12,4349.21,973.46K,4.18%
11/29/2021,4443.22,4296.98,4456.82,4280.18,532.66K,3.40%
11/28/2021,4296.98,4095.16,4297.63,3980.24,487.53K,4.94%
11/27/2021,4094.8,4037.06,4183.02,4029.06,370.73K,1.49%
11/26/2021,4034.53,4520.3,4548.1,3917.43,1.00M,-10.75%
11/25/2021,4520.3,4270.73,4549.74,4248.9,578.65K,5.77%
11/24/2021,4273.54,4340.23,4372.83,4172.19,595.96K,-1.54%
11/23/2021,4340.23,4086.73,4384.75,4064.17,684.35K,6.20%
11/22/2021,4086.95,4268.07,4311.46,4026.75,717.08K,-4.24%
11/21/2021,4268.08,4409.02,4422.6,4246.2,446.23K,-3.19%
11/20/2021,4408.85,4295.27,4434.27,4206.75,462.99K,2.64%
11/19/2021,4295.43,3996.29,4305.41,3978.08,571.96K,7.34%
11/18/2021,4001.87,4290.31,4342.74,3958.44,792.38K,-6.74%
11/17/2021,4290.88,4208.29,4298.3,4071.01,664.94K,1.97%
11/16/2021,4208.16,4562.97,4562.97,4115.31,1.12M,-7.78%
11/15/2021,4562.98,4625.71,4769.38,4543.47,495.96K,-1.35%
11/14/2021,4625.59,4644.4,4692.76,4514.95,340.96K,-0.41%
11/13/2021,4644.61,4665.76,4705.02,4585.37,290.27K,-0.49%
11-12-2021,4667.31,4720.5,4807.16,4511.96,634.59K,-1.13%
11-11-2021,4720.87,4633.98,4778.17,4578.66,418.61K,1.87%
11-10-2021,4634.03,4731.83,4864.06,4498.78,761.90K,-2.07%
11-09-2021,4731.83,4808.34,4836.69,4715.43,437.41K,-1.59%
11-08-2021,4808.38,4612.05,4822.97,4612.05,673.21K,4.26%
11-07-2021,4612.06,4517.27,4634.39,4502.7,337.81K,2.10%
11-06-2021,4517.36,4475,4526.75,4330.29,442.60K,0.95%
11-05-2021,4475,4534.96,4569.31,4439.67,409.75K,-1.33%
11-04-2021,4535.11,4601.93,4604.83,4421.87,495.86K,-1.46%
11-03-2021,4602.21,4586.96,4661.88,4458.87,634.68K,0.35%
11-02-2021,4586.06,4320.85,4598.38,4287.36,630.26K,6.14%
11-01-2021,4320.85,4287.41,4376.94,4157.51,574.26K,0.78%
10/31/2021,4287.56,4322,4393.61,4169.48,555.32K,-0.77%
10/30/2021,4320.65,4413.7,4428.41,4250.24,494.87K,-2.11%
10/29/2021,4413.7,4284.9,4458.3,4268.21,781.57K,3.01%
10/28/2021,4284.9,3921.54,4289.8,3896.33,865.80K,9.25%
10/27/2021,3921.93,4130.06,4299.61,3914.06,1.07M,-5.03%
10/26/2021,4129.51,4219.92,4291.98,4098.19,559.29K,-2.14%
10/25/2021,4219.92,4082.68,4234.76,4069.94,481.41K,3.36%
10/24/2021,4082.8,4168.8,4184,3965.84,507.63K,-2.06%
10/23/2021,4168.85,3970.94,4169.33,3938.79,487.03K,4.98%
10/22/2021,3970.94,4053.89,4164.11,3896.4,654.77K,-2.05%
10/21/2021,4054.16,4160.51,4366.91,4029.48,1.14M,-2.54%
10/20/2021,4159.89,3876.76,4168.12,3830.26,752.03K,7.30%
10/19/2021,3876.78,3745.46,3884.34,3733.78,488.60K,3.45%
10/18/2021,3747.6,3848.64,3892.01,3685.82,578.21K,-2.55%
10/17/2021,3845.47,3827.55,3917.56,3664.63,543.52K,0.47%
10/16/2021,3827.55,3869.05,3967.43,3804.55,527.61K,-1.02%
10/15/2021,3866.9,3790.34,3904.91,3735.21,721.14K,2.02%
10/14/2021,3790.41,3607.36,3820.47,3588.24,697.09K,5.08%
10/13/2021,3607.28,3491.08,3612.04,3416,557.18K,3.36%
10-12-2021,3489.9,3541.49,3545.35,3404.49,609.89K,-1.56%
10-11-2021,3545.06,3414.93,3622.53,3381.43,683.24K,3.81%
10-10-2021,3415.03,3574.52,3599.18,3409.22,767.49K,-4.45%
10-09-2021,3574.2,3559.96,3626.11,3541.4,464.11K,0.42%
10-08-2021,3559.42,3586.91,3668.35,3537.24,681.74K,-0.74%
10-07-2021,3586,3575.43,3650.18,3473.47,826.29K,0.30%
10-06-2021,3575.41,3515.35,3627.19,3345.56,1.05M,1.65%
10-05-2021,3517.26,3383.32,3540.83,3365.28,663.88K,3.97%
10-04-2021,3382.9,3417.26,3436.34,3273.22,826.83K,-1.01%
10-03-2021,3417.34,3388.83,3485.48,3346.63,642.59K,0.84%
10-02-2021,3388.97,3309.14,3467.95,3265.97,778.15K,2.41%
10-01-2021,3309.13,2999.86,3329.32,2972.75,1.14M,10.28%
09/30/2021,3000.59,2851.06,3047.08,2837.68,968.23K,5.23%
09/29/2021,2851.5,2807.15,2948.5,2784.66,728.86K,1.57%
09/28/2021,2807.28,2926.04,2969.18,2791.42,896.28K,-4.07%
09/27/2021,2926.24,3061.86,3163.86,2926.24,865.30K,-4.48%
09/26/2021,3063.51,2922.47,3113.65,2740.12,1.33M,4.82%
09/25/2021,2922.55,2928.59,2965.48,2812.7,975.49K,-0.21%
09/24/2021,2928.57,3152.92,3158.38,2740.06,1.74M,-7.12%
09/23/2021,3152.92,3077.8,3173,3035.96,841.54K,2.44%
09/22/2021,3077.78,2764.71,3087.97,2740.58,1.19M,11.45%
09/21/2021,2761.52,2976.7,3101.88,2659.71,1.79M,-7.21%
09/20/2021,2976.05,3328.49,3344.04,2931.64,1.72M,-10.61%
09/19/2021,3329.12,3435.92,3455.67,3282.85,614.00K,-3.11%
09/18/2021,3435.97,3398.55,3539.5,3371.33,600.19K,1.10%
09/17/2021,3398.65,3569.92,3592.2,3352.32,748.10K,-4.78%
09/16/2021,3569.43,3612.23,3672.68,3488.53,195.79K,-1.18%
09/15/2021,3611.9,3430.36,3612.29,3361.63,790.27K,5.34%
09/14/2021,3428.87,3284.65,3428.87,3270.91,720.34K,4.39%
09/13/2021,3284.52,3408.17,3429.24,3118.66,1.34M,-3.63%
09-12-2021,3408.28,3267.33,3469.5,3231.87,805.97K,4.31%
09-11-2021,3267.33,3209.37,3345.37,3202.41,732.95K,1.87%
09-10-2021,3207.27,3423.87,3512.9,3156.28,1.21M,-6.32%
09-09-2021,3423.51,3498.92,3564.3,3395.94,1.09M,-2.05%
09-08-2021,3495.1,3424.35,3557.67,3221.6,780.68K,2.10%
09-07-2021,3423.12,3926.84,3945.79,3061.3,2.47M,-12.84%
09-06-2021,3927.21,3950.2,3968.2,3867.55,764.56K,-0.59%
09-05-2021,3950.62,3885.4,3981.22,3834.74,714.16K,1.69%
09-04-2021,3884.97,3938.45,3968.33,3844.07,672.53K,-1.30%
09-03-2021,3936.29,3785.85,4024.89,3715.97,1.20M,3.96%
09-02-2021,3786.19,3826.9,3833.89,3723.42,928.70K,-1.21%
09-01-2021,3832.73,3429.65,3839.91,3384.82,1.48M,11.72%
08/31/2021,3430.74,3228.23,3467.42,3191.34,1.52M,6.36%
08/30/2021,3225.67,3222.43,3345.72,3145.53,966.58K,0.11%
08/29/2021,3222.16,3243.96,3282.21,3155.31,643.73K,-0.67%
08/28/2021,3243.9,3273.78,3284.58,3212.24,466.21K,-0.91%
08/27/2021,3273.58,3093.78,3279.93,3063.37,839.54K,5.82%
08/26/2021,3093.54,3228.03,3249.62,3057.48,118.44K,-4.17%
08/25/2021,3228.15,3172.12,3247.43,3080.7,923.13K,1.73%
08/24/2021,3173.26,3322.6,3357.99,3150.75,988.82K,-4.41%
08/23/2021,3319.49,3238.41,3375.42,3231.96,1.09M,2.49%
08/22/2021,3238.7,3224.17,3271.94,3128.98,747.65K,0.46%
08/21/2021,3223.96,3285.12,3307.33,3200.19,768.74K,-1.83%
08/20/2021,3284.21,3184.83,3300.36,3179.18,739.32K,3.12%
08/19/2021,3184.82,3016.92,3185.51,2962.04,844.13K,5.57%
08/18/2021,3016.91,3012.62,3124.51,2951.04,750.74K,0.08%
08/17/2021,3014.58,3147.67,3290.03,2993.63,1.06M,-4.23%
08/16/2021,3147.65,3307.96,3334.22,3138.37,859.09K,-4.87%
08/15/2021,3308.87,3264.56,3318.61,3115.34,782.81K,1.35%
08/14/2021,3264.69,3322.25,3328.38,3209.45,658.60K,-1.74%
08/13/2021,3322.43,3043.2,3324.53,3035.52,795.54K,9.16%
08-12-2021,3043.61,3160.17,3236.28,2981.35,965.63K,-3.79%
08-11-2021,3163.66,3140.86,3269.7,3122.67,950.12K,0.73%
08-10-2021,3140.71,3162.81,3232.02,3057.84,1.12M,-0.70%
08-09-2021,3162.93,3011.88,3184.84,2899.24,1.44M,5.01%
08-08-2021,3012.07,3158.3,3188.49,2949.66,1.25M,-4.62%
08-07-2021,3158,2889.58,3169.74,2867.58,64.84K,9.29%
08-06-2021,2889.43,2827.23,2946.62,2726.04,1.06M,2.20%
08-05-2021,2827.21,2725.28,2842.95,2533.51,1.65M,3.74%
08-04-2021,2725.29,2506.5,2766.46,2462.32,1.23M,8.72%
08-03-2021,2506.65,2608.01,2631.43,2445.49,158.45K,-3.89%
08-02-2021,2608.04,2556.07,2664.73,2513.51,970.67K,2.03%
08-01-2021,2556.23,2530.94,2696.38,2515.26,1.20M,0.95%
07/31/2021,2532.19,2461.08,2551.68,2421.7,507.08K,2.89%
07/30/2021,2460.95,2380.59,2467.4,2320.8,1.03M,3.36%
07/29/2021,2380.93,2299.46,2397.71,2269.15,642.75K,3.56%
07/28/2021,2299.11,2300.21,2343.49,2246.23,968.94K,-0.05%
07/27/2021,2300.22,2230.24,2318.68,2152.92,1.25M,3.17%
07/26/2021,2229.53,2189.74,2430.01,2174.44,1.89M,1.81%
07/25/2021,2189.79,2166.98,2195.03,2108.74,786.94K,1.76%
07/24/2021,2151.85,2124,2162.29,2106.71,907.11K,1.33%
07/23/2021,2123.61,2024.51,2129.66,2000.27,961.67K,4.89%
07/22/2021,2024.58,1994.61,2043.26,1952.31,1.02M,1.51%
07/21/2021,1994.49,1786.18,2029.51,1758.64,1.51M,11.67%
07/20/2021,1786.07,1818.07,1840.36,1720.7,1.20M,-1.76%
07/19/2021,1818.07,1891.43,1915.15,1807.19,802.78K,-3.93%
07/18/2021,1892.42,1898.01,1988.24,1881.6,829.77K,-0.29%
07/17/2021,1897.98,1877,1917.8,1851.97,623.52K,1.05%
07/16/2021,1878.2,1917.21,1960.21,1852.42,619.62K,-2.03%
07/15/2021,1917.21,1994.73,2038.91,1884.81,645.06K,-3.88%
07/14/2021,1994.64,1940.48,2017.99,1868.45,1.05M,2.78%
07/13/2021,1940.72,2035.09,2042.61,1920.62,717.85K,-4.64%
07-12-2021,2035.09,2139.44,2167.6,2008.66,540.10K,-4.87%
07-11-2021,2139.35,2110.9,2173.34,2081.62,724.84K,1.34%
07-10-2021,2111.12,2146.15,2191.3,2078.43,929.32K,-1.62%
07-09-2021,2145.89,2120.05,2185.62,2066.09,1.42M,1.21%
07-08-2021,2120.22,2316.21,2322.47,2095.92,1.82M,-8.48%
07-07-2021,2316.57,2322.74,2402.68,2296.43,1.32M,-0.26%
